<?xml version="1.0" encoding="UTF-8"?>
<adddon>
	<info>
		<id>1</id>
		<type>Component</type>
		<name>oow</name>
		<label>Out of Warranty</label>
		<information>Shows the products which are out of warranty</information>
		<active></active>
		<version></version>
		<description></description>
	</info>
	
	<install>
		<source>
			<folder>oow</folder>
			<files></files>
			<sql>/sql.txt</sql>
			<js>/js/oow</js>
			<images>images/oow</images>
		</source>
		<destination>
			<folder>/protected/modules/oow</folder>
			<files></files>
			<js>js/oow</js>
			<images>images/oow</images>
		</destination>	
	</install>

</adddon>